,title,num_citations,year,excerpt,url,url_pdf,indicator,key_words
0,Heat pump efficiency in fifth generation ultra-low temperature district heating networks using a wastewater heat source,37,2021,â¦ at source supply temperatures between 0 C and 10 C. Ultra-low temperature district heating networks can operate at higher temperatures by using waste heat and solar energy as a â¦,https://www.sciencedirect.com/science/article/pii/S0360544221015668,,0,"ultra-low temperature, district heat pump"
1,Ultra-low temperature district heating system with central heat pump and local boosters for low-heat-density area: Analyses on a real case in Denmark,50,2018,"â¦ total heat supply. In this study, the actual performance of a case ultra-low temperature district heating â¦ The system combines the central heat pump and local boosters, while the impact of â¦",https://www.sciencedirect.com/science/article/pii/S0360544218311332,,0,"ultra-low temperature, district heat pump"
2,Evaluating the cost of heat for end users in ultra low temperature district heating networks with booster heat pumps,82,2018,â¦ of district heating systems with distributed heat pumps considering both the perspective of the district heating â¦ As a first step the load curve for space heating of three reference buildings â¦,https://www.sciencedirect.com/science/article/pii/S0360544218306893,,0,"ultra-low temperature, district heat pump"
3,Performance of ultra low temperature district heating systems with utility plant and booster heat pumps,76,2017,â¦ of booster heat pumps in ultra low temperature district heating (ULTDH) was investigated and compared to the performance of low temperature district heating. Two possible heat â¦,https://www.sciencedirect.com/science/article/pii/S0360544217309544,,0,"ultra-low temperature, district heat pump"
4,Steady state behavior of a booster heat pump for hot water supply in ultra-low temperature district heating network,14,2021,â¦ heat pumps (BHP) in district heating systems can provide a way to use low temperature heat sources for district heating as they allow locally increasing the water temperature on the â¦,https://www.sciencedirect.com/science/article/pii/S036054422101776X,,0,"ultra-low temperature, district heat pump"
5,Energetic and economic analysis of decoupled strategy for heating and cooling production with CO2 booster heat pumps for ultra-low temperature districtÂ â¦,15,2022,"â¦ 2 heat pump, type 1, and the other with two CO 2 heat pumps â¦ to an ultra-low temperature District Heating and Cooling â¦ ), in an area with considerable heating and cooling demands â¦",https://www.sciencedirect.com/science/article/pii/S2352710221013966,,0,"ultra-low temperature, district heat pump"
6,Model predictive control for a heat booster substation in ultra low temperature district heating systems,17,2022,â¦ water to useable temperatures using a heat pump and a hot water tank for storage and flexible operation. This paper proposes a hybrid model predictive control strategy in which an â¦,https://www.sciencedirect.com/science/article/pii/S036054422101879X,,0,"ultra-low temperature, district heat pump"
7,Economic comparison of low-temperature and ultra-low-temperature district heating for new building developments with low heat demand densities in Germany,37,2018,"â¦ that ultra-low-temperature district heating ensures important improvement of heat distribution efficiency, â¦ Distributed solar thermal systems or (booster) heat pumps can be used for DHW â¦",https://journals.aau.dk/index.php/sepm/article/view/2022,,0,"ultra-low temperature, district heat pump"
8,A solar-assisted low-temperature district heating and cooling network coupled with a ground-source heat pump,12,2022,"â¦ , including a new-generation ultra-low temperature district heating and cooling network have â¦ ground source heat pump and used as the source and sink by booster heat pumps installed â¦",https://www.sciencedirect.com/science/article/pii/S0196890422006343,,0,"ultra-low temperature, district heat pump"
9,Evaluations of different domestic hot water preparing methods with ultra-low-temperature district heating,70,2016,"â¦ The heat source is industrial excess heat from a local pump factory, and â¦ heat was recovered by a heat pump for district heating use. The district heating supply temperature at the heat â¦",https://www.sciencedirect.com/science/article/pii/S0360544216305291,,0,"ultra-low temperature, district heat pump"
10,Model predictive control for demand response of domestic hot water preparation in ultra-low temperature district heating systems,67,2017,â¦ is less than required to heat the domestic hot water and a heat pump is therefore often proposed to raise the temperature. This paper investigates how this heat pump can be utilized for â¦,https://www.sciencedirect.com/science/article/pii/S0378778817312896,,0,"ultra-low temperature, district heat pump"
11,Triple function substation and high-efficiency micro booster heat pump for Ultra Low Temperature District Heating,7,2019,"â¦ are named as reversible heat pumps and in case that one of the thermal sources is the DH itself, the heat pumps are denominated as District Heating Reversible Heat Pumps (DHRHP). â¦",https://iopscience.iop.org/article/10.1088/1757-899X/609/5/052008/meta,,0,"ultra-low temperature, district heat pump"
12,Economic feasibility of ultra-low temperature district heating systems in newly built areas supplied by renewable energy,43,2020,â¦ is beneficial to lower district heating temperatures below the â¦ feasibility of three ultra-low temperature district heating (ULTDHâ¦ temperatures on the performance of large-scale heat pumps â¦,https://www.sciencedirect.com/science/article/pii/S0360544219321917,,0,"ultra-low temperature, district heat pump"
13,Comparison of low-temperature district heating concepts in a long-term energy system perspective,133,2017,"â¦ DH temperature level: Low temperature (55/25C), Ultra-low â¦ temperature with heat pump boosting (35/20 C) taking into â¦ Return, Low temperature and Ultralow temperature scenarios. â¦",https://vbn.aau.dk/en/publications/comparison-of-low-temperature-district-heating-concepts-in-a-long,,0,"ultra-low temperature, district heat pump"
14,Space heating with ultra-low-temperature district heatingâa case study of four single-family houses from the 1980s,73,2017,â¦ were supplied by ultra-lowtemperature district heating with a supply temperature as low as â¦ is then further raised to 40-45 C by for example a micro heat pump [10] or an instantaneous â¦,https://www.sciencedirect.com/science/article/pii/S1876610217322774,,0,"ultra-low temperature, district heat pump"
15,Analysis of an ultra-low temperature district heating and cooling as a storage system for renewable integration,6,2022,"â¦ of ultra-low temperature district heating and cooling systems, with working temperatures â¦ hot water (DHW) demand is provided by booster-heat pumps, and thermal storage tanks are â¦",https://www.sciencedirect.com/science/article/pii/S135943112200984X,,0,"ultra-low temperature, district heat pump"
16,Comparison of traditional with low temperature district heating systems based on organic Rankine cycle,6,2022,â¦ The most advantageous configuration improving the real efficiency of the ultra-low temperature heating system seems to be a system combining a central heat pump and a station â¦,https://www.sciencedirect.com/science/article/pii/S0360544222001839,,0,"ultra-low temperature, district heat pump"
17,Network configurations for implemented low-temperature district heating,3,2022,"â¦ It also shares the advantages and disadvantages of the Ultra-Low configuration concerning responsibility for the temperature level, the economy of scale for large heat pumps, and â¦",https://www.sciencedirect.com/science/article/pii/S036054422200994X,,0,"ultra-low temperature, district heat pump"
18,Research progress on the fifth-generation district heating system based on heat pump technology,2,2023,â¦ an ultra-low temperature district heating system in combination with a customer terminal booster heat pump and compared it with the fourth-generation district heating system. For â¦,https://www.sciencedirect.com/science/article/pii/S235271022300712X,,0,"ultra-low temperature, district heat pump"
19,Achieving low return temperature for domestic hot water preparation by ultra-low-temperature district heating,35,2017,"â¦ This study is based on an ultra-low-temperature district heating project in Denmark, where the heat demand of the test â¦ A heat pump is used to recover the waste heat and deliver the â¦",https://www.sciencedirect.com/science/article/pii/S187661021732297X,,0,"ultra-low temperature, district heat pump"
20,5th generation district heating and cooling systems: A review of existing cases in Europe,461,2019,â¦ district heating. The scope of this work is to revise the definitions encountered and to introduce an unambiguous definition of Fifth-Generation District Heating â¦ Generation District Heating â¦,https://www.sciencedirect.com/science/article/pii/S1364032118308608,,0,"5th generation, district heating"
21,5th Generation District Heating: A novel design approach based on mathematical optimization,122,2020,"â¦ Instead, district heating and cooling (DHC) gains more importance. â¦ heat and renewable heat sources ([5], [6]). The latest innovation in district heating are 5th Generation District Heating â¦",https://www.sciencedirect.com/science/article/pii/S0306261919318458,,0,"5th generation, district heating"
22,5th generation district heating and cooling systems as a solution for renewable urban thermal energy supply,98,2019,â¦ We describe fifth generation district heating and cooling (5GDHC) systems and show how this concept differs from conventional district heating systems. A 5GDHC system is â¦,https://adgeo.copernicus.org/articles/49/129/2019/,,0,"5th generation, district heating"
23,Perspectives on fourth and fifth generation district heating,115,2021,â¦ -generation district heating (4GDH) has been used as a label or expression since 2008 to describe a transition path for decarbonization of the district heating â¦ generation district heating â¦,https://www.sciencedirect.com/science/article/pii/S0360544221007696,,0,"5th generation, district heating"
24,The status of 4th generation district heating: Research and results,470,2018,â¦ 4th generation district heating systems (4GDH). Unlike the first three generations of district heatingâ¦ buildings as well as the integration of district heating into a future smart energy system â¦,https://www.sciencedirect.com/science/article/pii/S0360544218317420,,0,"5th generation, district heating"
25,Economic benefits of fourth generation district heating,99,2020,â¦ generation district heating (3GDH) system. It was introduced in the 1970s and 1980s when fossil fuels dominated the heat supply in district heating â¦ 5th generation district heating and â¦,https://www.sciencedirect.com/science/article/pii/S0360544219324223,,0,"5th generation, district heating"
26,4th Generation District Heating (4GDH): Integrating smart thermal grids into future sustainable energy systems,2342,2014,â¦ of 4th Generation District Heating (4GDH) including the relations to District Cooling and the â¦ The motive is to identify the future challenges of reaching a future renewable non-fossil heat â¦,https://www.sciencedirect.com/science/article/pii/S0360544214002369,,0,"5th generation, district heating"
27,Techno-economic analysis of a 5th generation district heating system using thermo-hydraulic model: A multi-objective analysis for a case study in heatingÂ â¦,0,2023,"â¦ , such as 4 th generation district heating (4GDH) or 5 th generation district heating (5GDH), â¦ o C and incorporates several energy efficiency measures on building and district levels. The â¦",https://www.sciencedirect.com/science/article/pii/S0378778823005777,,0,"5th generation, district heating"
28,Methodology for evaluating the transition process dynamics towards 4th generation district heating networks,94,2018,"â¦ District heating (DH) has been widely used for space heating and in domestic hot water â¦ Generation District Heating (4GDH) in 2014 [3]. According to this concept, future district heating â¦",https://www.sciencedirect.com/science/article/pii/S0360544218303578,,0,"5th generation, district heating"
29,"Transition to the 4th generation district heating-possibilities, bottlenecks, and challenges",93,2018,"â¦ The 4th generation district heating (DH) will be available in the coming years. However, the transition from the current 2nd or 3rd generation DH is a challenging task. This article â¦",https://www.sciencedirect.com/science/article/pii/S1876610218305095,,0,"5th generation, district heating"
30,Development of a topology analysis tool for fifth-generation district heating and cooling networks,109,2019,â¦ -temperature waste heat sources. The ability of these networks to absorb waste heat that is â¦ analyze the feasibility of fifth-generation of district heating and cooling systems in both new â¦,https://www.sciencedirect.com/science/article/pii/S0196890419306211,,0,"5th generation, district heating"
31,Towards next generation district heating in Finland,107,2016,â¦ This section concentrates on the important aspects related to next generation district heating â¦ building and on the district levels. Fig. 5 depicts a possible configuration of a Finnish district â¦,https://www.sciencedirect.com/science/article/pii/S1364032116303768,,0,"5th generation, district heating"
32,Future district heating systems and technologies: On the role of smart energy systems and 4th generation district heating,180,2018,â¦ future 4th generation district heating solutions with a focus on the district heating grid. These papers add to previous Smart Energy Systems and 4th Generation District Heating research â¦,https://www.sciencedirect.com/science/article/pii/S0360544218318796,,0,"5th generation, district heating"
33,Smart energy systems and 4th generation district heating,120,2016,â¦ heating and cooling sectors. The concept of 4th Generation District Heating emphasizes that district heating â¦ to be developed further into a 4th generation version to be able to fulfil their â¦,https://www.sciencedirect.com/science/article/pii/S0360544216310313,,0,"5th generation, district heating"
34,Developing novel 5th generation district energy networks,97,2020,"â¦ For traditional type district heat networks (DHNs), heat energy was distributed through pressurised hot water well above 100 C, while more recently third-generation (3G) networks were â¦",https://www.sciencedirect.com/science/article/pii/S0360544220304965,,0,"5th generation, district heating"
35,Essential improvements in future district heating systems,96,2017,"â¦ heat distribution, recirculation, metering, supervision, thermal lengths for heat exchangers and heat â¦ to construct new fourth generation district heating networks according to these seven â¦",https://www.sciencedirect.com/science/article/pii/S1876610217322762,,0,"5th generation, district heating"
36,Achieving low return temperatures from district heating substations,228,2014,"â¦ In this study, 140 district heating substations from two district heating systems have been individually analysed. The method is based on temperature difference signatures, where the â¦",https://www.sciencedirect.com/science/article/pii/S0306261914009696,,0,"5th generation, district heating"
37,Optimization of 4th generation distributed district heating system: Design and planning of combined heat and power,75,2019,â¦ features of 4th generation district heating system however heat circulation is avoided to prevent erroneous. The aim of this study is to investigate the effect of heat and power exchange (â¦,https://www.sciencedirect.com/science/article/pii/S0960148118307201,,0,"5th generation, district heating"
38,A state of art review on the district heating systems,163,2018,"â¦ District heating (DH) has been widely acknowledged as the future for urban heating, as concerns â¦ the heating sector. Although not a new technology, DH has evolved over four different â¦",https://www.sciencedirect.com/science/article/pii/S1364032118305720,,0,"5th generation, district heating"
39,Combined heat and power dispatch considering pipeline energy storage of district heating network,640,2015,"â¦ energy storage capability of a district heating network (DHN) which decouples the strong linkage of electric power and heat supplies. In this paper, a combined heat and power dispatch (â¦",https://ieeexplore.ieee.org/abstract/document/7243359/,,0,"5th generation, district heating"
40,"Sustainable district cooling systems: Status, challenges, and future opportunities, with emphasis on cooling-dominated regions",86,2019,"â¦ of district cooling (DC) is discussed as part of this article, this demand represents approximately 50% [4,5] and up to 70% [3,5] â¦ consumption is associated with space cooling [7]. Building â¦",https://www.mdpi.com/1996-1073/12/2/235,,0,"5th generation, district cooling"
41,District cooling system via renewable energy sources: A review,137,2019,"â¦ 5, represents the summary of the important literary contributions to the exploitation of solar PV energy in cooling systems and express its potential for district cooling system. Table 5. â¦",https://www.sciencedirect.com/science/article/pii/S1364032119301649,,0,"5th generation, district cooling"
42,Integrating district cooling systems in locally integrated energy sectors through total site heat integration,50,2016,"â¦ This paper continues with the explanation on the general concept of District Cooling System in Section â¦ The new TSHI targeting methodology incorporating district cooling system, is then â¦",https://www.sciencedirect.com/science/article/pii/S0306261916306754,,0,"5th generation, district cooling"
43,"District cooling systems: Technology integration, system optimization, challenges and opportunities for applications",133,2016,"â¦ District cooling system (DCS) becomes increasingly popular because of its high efficiency and high-class cooling, â¦ More than 154 district cooling systems in Japan had been in use by â¦",https://www.sciencedirect.com/science/article/pii/S1364032115009144,,0,"5th generation, district cooling"
44,Dynamic thermo-hydraulic model of district cooling networks,60,2016,"â¦ District cooling (DC) offers economic and ecological advantages for covering the increasing cooling demand of buildings [1]. However, relatively high investment and operation costs â¦",https://www.sciencedirect.com/science/article/pii/S1359431116304768,,0,"5th generation, district cooling"
45,Real time optimal control of district cooling system with thermal energy storage using neural networks,89,2019,â¦ for a district cooling system with ice storage. The NN offers a relatively fast performance estimation of a district cooling â¦ -based model of the district cooling system is first developed and â¦,https://www.sciencedirect.com/science/article/pii/S0306261919300911,,0,"5th generation, district cooling"
46,Optimal chiller loading in a district cooling system with thermal energy storage,130,2013,"â¦ This methodology is applied to a district cooling system in Austin, TX. Results are compared for three operating strategies: equal ratio chiller loading, static optimal chiller loading with no â¦",https://www.sciencedirect.com/science/article/pii/S0360544212008432,,0,"5th generation, district cooling"
47,International review of district heating and cooling,734,2017,"â¦ of district cooling systems, mainly for covering space cooling demands in buildings. However, this district cooling â¦ has been more recent compared to the development of district heating. â¦",https://www.sciencedirect.com/science/article/pii/S036054421730614X,,0,"5th generation, district cooling"
48,A machine learning approach to predicting the heat convection and thermodynamics of an external flow of hybrid nanofluid,60,2021,"â¦ In this study, the utilization of the waste heat of industrial stations for feeding district cooling systems and thereby supplying the cooling demand of buildings in Saudi Arabia is proposed, â¦",https://asmedigitalcollection.asme.org/energyresources/article-abstract/143/7/070902/1093311,,0,"5th generation, district cooling"
49,District heating and cooling in Sweden,382,2017,"â¦ District cooling systems are small compared to district heating systems. From strong legislative driving forces, the Swedish heat market became a testing ground for a market situation â¦",https://www.sciencedirect.com/science/article/pii/S0360544217304140,,0,"5th generation, district cooling"
50,A novel stochastic modeling method to simulate cooling loads in residential districts,89,2017,"â¦ district cooling consumption, the peak district cooling load, the district cooling load distribution, the district cooling â¦ cooling loads in a district cooling system was provided in this paper. â¦",https://www.sciencedirect.com/science/article/pii/S0306261917310516,,0,"5th generation, district cooling"
51,Low temperature district heating for future energy systems,176,2017,â¦ The use and implementation of low temperature district heating networks offers various benefits: Utility companies benefit from low temperature district heating by having lower heat â¦,https://www.sciencedirect.com/science/article/pii/S1876610217322592,,0,"low temperature, district heating"
52,Industrial waste heat utilization for low temperature district heating,263,2013,"â¦ An AHP is a thermally-driven machine that utilizes a working fluidâabsorbent pair, eg water/LiBr, to move heat from a lower temperature heat source to a higher temperature heat sink. â¦",https://www.sciencedirect.com/science/article/pii/S0301421513006113,,0,"low temperature, district heating"
53,Integration of space heating and hot water supply in low temperature district heating,113,2016,"â¦ of low-temperature district heating systems compared to conventional systems. The low temperature systems are characterized by the need of supplementary electric heating, eg, heat â¦",https://www.sciencedirect.com/science/article/pii/S0378778815302449,,0,"low temperature, district heating"
54,Utilizing data center waste heat in district heatingâImpacts on energy efficiency and prospects for low-temperature district heating networks,213,2017,"â¦ the district heating network operator, the system level effects of increased waste heat utilization were quantified by simulating district heating â¦ , with actual plant and heat demand data for â¦",https://www.sciencedirect.com/science/article/pii/S0360544217314548,,0,"low temperature, district heating"
55,Challenges and potentials for low-temperature district heating implementation in Norway,81,2018,â¦ Current district heating (DH) systems with high temperatures are facing many challenges â¦ decreased heat demands due to energy efficient buildings and high return temperatures that â¦,https://www.sciencedirect.com/science/article/pii/S0360544218305036,,0,"low temperature, district heating"
56,"Low temperature district heating in Austria: Energetic, ecologic and economic comparison of four case studies",115,2016,â¦ LTDH (low temperature district heat) supply concepts was conceived and will be presented in this paper. This study presents optimal solutions of low temperature district heating micro-â¦,https://www.sciencedirect.com/science/article/pii/S036054421501748X,,0,"low temperature, district heating"
57,Renewable-based low-temperature district heating for existing buildings in various stages of refurbishment,168,2013,"â¦ measurements on a new low-temperature district heating system for low-energy buildings. In: Proceedings of 13th international symposium on district heating and cooling, September 3ââ¦",https://www.sciencedirect.com/science/article/pii/S0360544213007780,,0,"low temperature, district heating"
58,Costs and benefits of preparing existing Danish buildings for low-temperature district heating,40,2019,â¦ existing heating systems for low-temperature district heating â¦ to reduce typical heating system temperatures to 55 C/30 C â¦ to low-temperature district heating in Danish district heating â¦,https://www.sciencedirect.com/science/article/pii/S0360544219306061,,0,"low temperature, district heating"
59,Heating of existing buildings by low-temperature district heating,19,2018,"â¦ The overall conclusion of the study is that there is a large potential for using low-temperature district heating for space heating in existing buildings, and the current results indicate that it â¦",https://orbit.dtu.dk/en/publications/heating-of-existing-buildings-by-low-temperature-district-heating,,0,"low temperature, district heating"
60,Replacing critical radiators to increase the potential to use low-temperature district heatingâA case study of 4 Danish single-family houses from the 1930s,74,2016,"â¦ network are lowered through continuous temperature optimization [16], [17], [18]. However, â¦ potential of low-temperature district heating, because the district heating temperatures may â¦",https://www.sciencedirect.com/science/article/pii/S0360544216303930,,0,"low temperature, district heating"
61,Controlling Temperatures in Low-Temperature District Heating: Adjustment to Meet Fluctuating Heat Load,4,2022,"â¦ temperature, small-scale prosumers such as heat pumps are more efficient at lower supply temperaturesâ¦ They are thus easier to install in so-called low-temperature district heating (â¦",https://link.springer.com/chapter/10.1007/978-3-030-80946-1_29,,0,"low temperature, district heating"
62,"Energy, economy and exergy evaluations of the solutions for supplying domestic hot water from low-temperature district heating in Denmark",75,2016,â¦ ultra-low-temperature district heating and to reduce the return temperature to district heating. The benefits of lower return temperatures were also analysed compared with the current â¦,https://www.sciencedirect.com/science/article/pii/S0196890416304356,,0,"ultra-low temperature, district heating"
63,Challenges in smart low-temperature district heating development,57,2014,â¦ loss by up to 75% comparing with the current medium temperature district heating system. â¦ network temperature level can be further reduced with ultra-low supply temperature around â¦,https://www.sciencedirect.com/science/article/pii/S1876610214031798,,0,"ultra-low temperature, district heating"
64,"A new type of two-supply, one-return, triple pipe-structured heat loss model based on a low temperature district heating system",59,2021,"â¦ , the ultra-low temperature district heating system was taken as the research subject for this study. Based on the design of the original triple pipe arrangement structure district heating â¦",https://www.sciencedirect.com/science/article/pii/S0360544220326761,,0,"ultra-low temperature, district heating"
65,Non-uniform temperature district heating system with decentralized heat pumps and standalone storage tanks,45,2019,â¦ The system works at ultra-low temperature level for space heating most of the time. â¦ temperature district heating (NUTDH) system with decentralized heat pumps and standalone heat â¦,https://www.sciencedirect.com/science/article/pii/S0360544218325830,,0,"ultra-low temperature, district heating"
66,Comparison of traditional district heating with low temperature district heating systems featuring organic Rankine cycle and heat pump,0,2023,"â¦ a major energy carrier for heat in district heating (DH) networks, especially in the Central and â¦ of the ultra-low temperature heating system (ULTDH) seems to be a system combining a â¦",https://www.sciencedirect.com/science/article/pii/S0360544223017413,,0,"ultra-low temperature, district heating"
67,A system design for distributed energy generation in low-temperature district heating (LTDH) networks,14,2019,â¦ A lower temperature differential between heat medium and surrounding soil improves the â¦ seasonal thermal energy storage in district heating system: A model-based energy perâ¦,https://nottingham-repository.worktribe.com/index.php/output/1663486/a-system-design-for-distributed-energy-generation-in-low-temperature-district-heating-ltdh-networks,,0,"ultra-low temperature, district heating"
68,Technical assessment of electric heat boosters in low-temperature district heating based on combined heat and power analysis,45,2018,â¦ district with 23 terraced single-family houses supplied by both a low-temperature district heating â¦ Two case studies are provided to show the active role of EHBs in a smart energy system â¦,https://www.sciencedirect.com/science/article/pii/S0360544218303128,,0,"ultra-low temperature, district heating"
69,Experimental Analysis of Bi-Directional Heat Trading Operation Integrated with Heat Prosumers in Thermal Networks,2,2021,"â¦ a bi-directional substation to implement a bi-directional thermal network for district heating and â¦ Charging the NTES by the heat pumps in the centralized heat pumps ( Qc h a , N T E S , â¦",https://www.mdpi.com/1996-1073/14/18/5881,,0,"bi-directional, district heat pump"
70,Energy Performance Investigation of Bi-Directional Convergence Energy Prosumers for an Energy Sharing Community,4,2021,â¦ methods for using a gas boiler and heat pump to implement a thermal prosumer in a district â¦ bidirectional heat exchange using a heat pump in the district cooling and heating network â¦,https://www.mdpi.com/1996-1073/14/17/5544,,0,"bi-directional, district heat pump"
71,Vehicle-to-grid for peak shaving to unlock the integration of distributed heat pumps in a swedish neighborhood,15,2020,"â¦ V2G technology enables a bi-directional flow between an EVâs battery and the grid [8,9,10,â¦ The study presented in this paper explores the potential of enabling a V2G bi-directional flow â¦",https://www.mdpi.com/1996-1073/13/7/1705,,0,"bi-directional, district heat pump"
72,5th generation district heating and cooling (5GDHC) implementation potential in urban areas with existing district heating systems,9,2022,"â¦ use of heat pumps and greater excess heat potential. â¦ and cooling (5GDHC) network is the latest district heating/â¦ ), bi-directional operation (ie it can provide heating and cooling â¦",https://www.sciencedirect.com/science/article/pii/S2352484722014275,,0,"bi-directional, district heat pump"
73,Techno-economic assessment of Bi-directional Low Temperature Networks,0,2023,"â¦ both heating and cooling via a bi-directional network of âwarmâ and âcoolâ pipes. They feature decentralised network circulation pumps and building integrated heat pumps, â¦ District heat â¦",https://www.sciencedirect.com/science/article/pii/S0306261923005664,,0,"bi-directional, district heat pump"
74,"Ambient loop district heating and cooling networks with integrated mobility, power and interseasonal storage",3,2022,"â¦ a heat pump investigation for GreenSCIES (GS), a fifth Generation district heating and cooling â¦ The network will be configured as a radial bi-directional flow system, with a warm pipe and â¦",https://journals.sagepub.com/doi/abs/10.1177/01436244221085921,,0,"bi-directional, district heat pump"
75,Distributionally robust unit commitment of integrated electricity and heat system under bi-directional variable mass flow,3,2022,"â¦ systems under VFVT control method with bi-directional mass â¦ with bi-directional variable mass flow in the district heating â¦ station could be CHP unit, electricity boiler, heat pump, and â¦",https://www.sciencedirect.com/science/article/pii/S0306261922010650,,0,"bi-directional, district heat pump"
76,An automated approach to building and simulating dynamic district heating networks,15,2018,"â¦ Models need to be designed to handle bi-directional flows, closed circuits and the transients that accompany a distributed energy systems. Today, most models and tools focus on â¦",https://www.sciencedirect.com/science/article/pii/S2405896318301496,,0,"bi-directional, district heat pump"
77,New experimental facility for innovative district heating systemsâDistrict LAB,5,2021,â¦ or bi-directional feed-in of different (volatile) energy sources (eg solar thermal or waste â¦ Development of control strategies: Control methods for eg heat pumps in district heating â¦,https://www.sciencedirect.com/science/article/pii/S2352484721008453,,0,"bi-directional, district heat pump"
78,A methodology for designing decentralised energy systems with predictive control for heat pumps and thermal storage,5,2019,"â¦ , heat pumps, and fuel boilers, 3) bi-directional energy flow â¦ and heat pump models as well as the district heating demand â¦ is used to develop the district heating demand predictor and â¦",https://www.e3s-conferences.org/articles/e3sconf/abs/2019/37/e3sconf_clima2019_06014/e3sconf_clima2019_06014.html,,0,"bi-directional, district heat pump"
79,Sector-Coupled District Energy Management with Heating and Bi-Directional EV-Charging,1,2021,"â¦ With regard to this work, we consider a district as an aggregation of one or â¦ a heating supply with devices such as heat pumps, hot water storage, immersion heaters, and combined heat â¦",https://ieeexplore.ieee.org/abstract/document/9495040/,,0,"bi-directional, district heat pump"
80,Quayside energy system analysis,9,2019,â¦ that makes control difficult and thereby risks that heat pumps will have low or high pressure â¦ for district heating and cooling distribution networks. It presents bi-directional district heating â¦,https://escholarship.org/content/qt957066mw/qt957066mw.pdf,http://scholar.google.com/https://escholarship.org/content/qt957066mw/qt957066mw.pdf,0,"bi-directional, district heat pump"
81,Comparison of Suitable Business Models for the 5 Generation District Heating System Implementation through Game Theory Approach,1,2023,"â¦ -temperature supply, bi-directional heating network operation, â¦ and cold supply and demand and use heat pumps to increase the â¦ It is a low-temperature, bi-directional, and decentralised â¦",https://sciendo.com/pdf/10.2478/rtuect-2023-0001,,0,"bi-directional, district heat pump"
82,Assessment of district heating and cooling systems transition with respect to future changes in demand profiles and renewable energy supplies,9,2022,"â¦ the Nordic district heating context, centralized district heating â¦ temperature district heating (ULTDH), and bi-directional fifth â¦ space heating (SH) directly, while decentralized heat pumps (â¦",https://www.sciencedirect.com/science/article/pii/S0196890422008287,,0,"bi-directional, district heat pump"
83,Quantification of overlapping heating and cooling demand for the feasibility assessment of bi-directional systems over Europe,0,2023,"â¦ heating and cooling demand altogether. To meet such requirement, the bi-directional fifth generation district heating â¦ distribution network and building-side heat pumps (HPs), has been â¦",https://www.sciencedirect.com/science/article/pii/S0378778823004747,,0,"bi-directional, district heat pump"
84,A renewable energy scenario for a new low carbon settlement in northern Italy: Biomass district heating coupled with heat pump and solar photovoltaic system,64,2020,"â¦ In such regard, solutions at the district and urban level should consider bi-directional energy streams among buildings and electrical grids and thermal networks at different temperature â¦",https://www.sciencedirect.com/science/article/pii/S0360544220311981,,0,"bi-directional, district heat pump"
85,Evaluation of a CO2 Network System for District Heating and Cooling Using Energy Storage Tanks,0,2021,"â¦ as heat-transport medium and uses the latent heat of â¦ exchange unused heat to specific areas via decentralized heat pumps (â¦ of such a bidirectional system, when heating and cooling â¦",https://www.jstage.jst.go.jp/article/jsmeicope/2021.15/0/2021.15_2021-0225/_article/-char/ja/,,0,"bi-directional, district heat pump"
86,Integrated optimal design and control of fourth generation district heating networks with thermal energy storage,27,2019,"â¦ Although it is important to know the potential of district heating and cooling systemsâ¦ fourth generation district energy networks in general terms. Hence, to realise these innovative energy â¦",https://www.mdpi.com/1996-1073/12/14/2766,,0,"fourth generation, district energy"
87,Representative days selection for district energy system optimisation: a solar district heating system with seasonal storage,77,2019,â¦ of fourth generation district heating networks is a crucial step towards highly renewable energy â¦ district energy systems toolbox for optimisation) is being developed. Seasonal thermal â¦,https://www.sciencedirect.com/science/article/pii/S0306261919306622,,0,"fourth generation, district energy"
88,From third to fourth generation district heating in Leeuwarden: an exploration of feasibility and risks,1,2019,â¦ This smart thermal grid is still being researched by experts in thermal energy system especially for its implementation in new generation district heating system or known as 4GDH â¦,https://essay.utwente.nl/79496/,,0,"fourth generation, district energy"
89,Fourth Generation District Heating: Potentials and Planning Challenges of an Urban Energy Infrastructure,0,2017,"â¦ of 4th generation district heating and cooling systems, also known as low temperature district â¦ and shows the potential to sustain the energy transition of the urban thermal sector to the â¦",https://link.springer.com/chapter/10.1007/978-3-319-41022-7_20,,0,"fourth generation, district energy"
90,Choice of insulation standard for pipe networks in 4th generation district heating systems,69,2016,â¦ Reducing heat losses from the pipe networks in district heating (DH) systems is one of the â¦ Fourth generation DH is a concept that defines the role of DH in future smart energy systems â¦,https://www.sciencedirect.com/science/article/pii/S135943111501385X,,0,"fourth generation, district energy"
91,Optimizing thermal energy storage in fourth generation thermal networks,0,2017,â¦ energy systems will need to integrate thermal energy storage in order to bridge periods of low renewable energy â¦ energy availability. Sensible TES shows great potential in the latest â¦,https://lirias.kuleuven.be/1745682?limo=0,,0,"fourth generation, district energy"
92,Recent advances in district energy systems: A review,28,2020,â¦ and steam explosion risk for the first generation or the inaccurate control for the heat demand of the second one [20]. The fourth generation was proposed to reduce the thermal losses â¦,https://www.sciencedirect.com/science/article/pii/S2451904920301980,,0,"fourth generation, district energy"
93,The benefits of 4th generation district heating in a 100% renewable energy system,88,2020,"â¦ from the current 3rd generation district heating (3GDH) systems towards 4th generation district heating (4GDH) systems can facilitate a better integration between energy sectors, reduce â¦",https://www.sciencedirect.com/science/article/pii/S036054422032137X,,0,"fourth generation, district energy"
94,"District energy network (DEN), current global status and future development",64,2017,â¦ The fourth generation of district energy systems (4G) that are being used today is utilising the advancement in cooling technology and use the heat to provide cooling as well as heating. â¦,https://www.sciencedirect.com/science/article/pii/S1364032116307791,,0,"fourth generation, district energy"
95,Survey of radiator temperatures in buildings supplied by district heating,82,2017,"â¦ To transition to a sustainable energy system in the future, the next fourth generation of district heating (4GDH) has been proposed. 4GDH is characterized by lower operating â¦",https://www.sciencedirect.com/science/article/pii/S0360544217311921,,0,"fourth generation, district energy"
96,Bidirectional low temperature district energy systems with agent-based control: Performance comparison and operation optimization,151,2018,"â¦ of district heating systems, bidirectional low temperature networks (LTN) can be viewed as a fifth generation district â¦ They constitute an approach to further increase energy efficiency for â¦",https://www.sciencedirect.com/science/article/pii/S0306261917314940,,0,"fourth generation, district energy"
97,Bi-directional mutual energy trade between smart grid and energy districts using renewable energy credits,7,2021,"â¦ Energy transactions from Prosumer (P) to Prosumer, Energy District to Energy District, and Energy District to SG are thoroughly investigated and analyzed in this work. A robust demand-â¦",https://www.mdpi.com/1424-8220/21/9/3088,,0,"bi-directional, district energy"
98,Techno-economic and environmental performance of two state-of-the-art solar-assisted district energy system topologies,1,2023,"â¦ This study introduces a novel, ambient-temperature district energy system topology that enables bi-directional mass flow to booster heat pumps and includes distributed solar-thermal â¦",https://www.sciencedirect.com/science/article/pii/S0360544223010320,,0,"bi-directional, district energy"
99,â¦Â wind energy management model within smart grid framework: A joint bi-directional service level agreement (SLA) between smart grid and wind energy districtÂ â¦,32,2019,â¦ and generation capacity of prosumers within Energy District (ED) is highly complex â¦ Energy Management Model (SWEMM) with bi-directional energy flows between SG and Wind Energy â¦,https://www.sciencedirect.com/science/article/pii/S0960148118314046,,0,"bi-directional, district energy"
100,Smart grid block-chain (BC) conceptual framework: Bi-directional models for renewable energy district and utility,8,2019,â¦ to develop a bi-directional energy transaction without involving a â¦ model that allows bi-directional digital protocol based energy â¦ resiliency and provided secured energy transactions. BC â¦,https://ieeexplore.ieee.org/abstract/document/8994500/,,0,"bi-directional, district energy"
101,Optimisation of a district energy system with a low temperature network,59,2017,"â¦ New elements in this implementation of the multi-energy optimisation model are: monitoring data used as an input to the model, buildings with bi-directional energy exchange, a â¦",https://www.sciencedirect.com/science/article/pii/S0360544217305303,,0,"bi-directional, district energy"
102,A bi-directional systematic design approach to energy optimization for energy-efficient buildings,23,2016,"â¦ similar total energy, the total primary energy consumption and the cooling-to-heating energy ratio â¦ and system efficiency enable a bi-directional energy optimization process conducive to â¦",https://www.sciencedirect.com/science/article/pii/S0378778816302225,,0,"bi-directional, district energy"
103,Techno-economic and environmental performance of two distinct state-of-the-art solar-assisted district energy system topologies,0,2023,"â¦ This study introduces a novel, ambient-temperature district energy system topology that enables bi-directional mass flow to booster heat pumps and includes distributed solarthermal â¦",https://repository.library.carleton.ca/concern/etds/b8515p376,,0,"bi-directional, district energy"
104,MODELING ENERGY LOSSES AND GAINS IN LOW TEMPERATURE BI-DIRECTIONAL HEATING AND COOLING GRIDS,0,2022,"â¦ Since the models on energy losses in conventional district heating or district cooling are not â¦ bi-directional flows, this thesis attempts to find other ways of quantify and predict the energy-â¦",https://lup.lub.lu.se/luur/download?func=downloadFile&recordOId=9103435&fileOId=9103436,,0,"bi-directional, district energy"
105,"District energy systems: A collaborative exchange of results on planning, operation and modelling for energy efficiency",8,2018,â¦ The investigation of new business modelsâneeded to deal with bi-directional energy flows â¦ vector district energy management platform is to leverage the flexibility capabilities of energy â¦,https://www.mdpi.com/2504-3900/2/15/1127,,0,"bi-directional, district energy"
106,Energy Management Model for Energy District Prosumers and Utility: A Case Study of Texas State,1,2017,"â¦ grid-support, bi-directional energy flow, and stability enhancement. With Energy District (ED) â¦ Considering above, we propose a bi-directional energy management model for an ED and â¦",https://ieeexplore.ieee.org/abstract/document/8261051/,,0,"bi-directional, district energy"
107,â¦Â wind energy management model within smart grid framework: a joint bi-directional service level agreement (SLA) between smart grid and wind energy districtÂ â¦,0,2020,â¦ and generation capacity of prosumers within energy district (ED) is a highly â¦ Wind Energy Management Model (SWEMM) with bi-directional energy flows between SG and wind energy â¦,https://search.proquest.com/openview/835419ff3234c19de5d884a8c50483c8/1?pq-origsite=gscholar&cbl=2030013,,0,"bi-directional, district energy"
108,Smart grid and energy district mutual interactions with demand response programs,32,2020,"â¦ Hence, the bi-directional energy transactions between â¦ bi-directional energy transactions between WEPs and SG keeping in view the effects of environmental drifts on prosumers energy â¦",https://ietresearch.onlinelibrary.wiley.com/doi/abs/10.1049/iet-esi.2019.0032,,0,"bi-directional, district energy"
109,Survey of 53 FifthâGeneration District Heating and Cooling (5GDHC) Networks in Germany,5,2022,Survey of 53 5th Generation District Heating and Cooling (5GDHC) Networks in Germany Page 1 This article has been accepted for publication and undergone full peer review but has â¦,https://onlinelibrary.wiley.com/doi/abs/10.1002/ente.202200749,,0,"fifth generation, district energy"
110,Fifth-generation district heating and cooling substations: Demand response with artificial neural network-based model predictive control,30,2020,"â¦ After the first scientific publication, which reviewed 40 existing 5GDHC systems in Europe and explicitly supported the definition of the fifth-generation district heating and cooling [36], â¦",https://www.mdpi.com/1996-1073/13/17/4339,,0,"fifth generation, district energy"
111,Temperature control in 5th generation district heating and cooling networks: An MILP-based operation optimization,47,2021,"â¦ In order to realize an energy efficient and emission-free heat and cold supply in urban areas, 5th Generation District Heating and Cooling (5GDHC) networks are a promising technologyâ¦",https://www.sciencedirect.com/science/article/pii/S0306261921001422,,0,"fifth generation, district energy"
112,Analysis of the integration of photovoltaic excess into a 5th generation district heating and cooling system for network energy storage,24,2022,â¦ of the network like a storage system in 5th generation district heating and cooling for covering peak load demand and integrating renewable energy production excess. Power-to-heat â¦,https://www.sciencedirect.com/science/article/pii/S0360544221024506,,0,"fifth generation, district energy"
113,An extended energy hub approach for load flow analysis of highly coupled district energy networks: Illustration with electricity and heating,98,2018,"â¦ approach to model and simulate a multicarrier district energy system based on an extended energy hub approach. In this approach, all local generations are included in the hub and a â¦",https://www.sciencedirect.com/science/article/pii/S0306261917318135,,0,"fifth generation, district energy"
114,Advanced control and fault detection strategies for district heating and cooling systemsâA review,47,2021,"â¦ and fifth generation district heating â¦ district energy systems supply only 6% of the thermal energy demand and it is strongly based on fossil fuels. In fact, in 2018 only 8% of the energy â¦",https://www.mdpi.com/2076-3417/11/1/455,,0,"fifth generation, district energy"
115,Towards a decarbonised heating and cooling sector in Europe: Unlocking the potential of energy efficiency and district energy,56,2019,â¦ heating This report outlines the approaches towards 4th generation district heating (4GDH) systems and the utilisation of low-temperature heat sources. This entails the modernisation of â¦,https://vbn.aau.dk/en/publications/towards-a-decarbonised-heating-and-cooling-sector-in-europe-unloc,,0,"fifth generation, district energy"
116,"Multi-objectives, multi-period optimization of district energy systems: I. Selection of typical operating periods",187,2014,â¦ The evaluation of the district energy system performance requires the estimation of the investment and of the corresponding operating costs. The calculation of the operating costs â¦,https://www.sciencedirect.com/science/article/pii/S0098135414000751,,0,"fifth generation, district energy"
117,A district energy management based on thermal comfort satisfaction and real-time power balancing,55,2015,"â¦ In order to deal with the district management problem, we consider the hierarchical â¦ the district energy management proposed in [13] and composed of three levels: 1) the district energy â¦",https://ieeexplore.ieee.org/abstract/document/7258400/,,0,"fifth generation, district energy"
118,A novel dynamic simulation model for the thermo-economic analysis and optimisation of district heating systems,43,2020,"â¦ A comparison is made between Modelica and EnergyPlus demonstrating that Modelica is more capable and flexible for the analysis of fifth generation DHC networks. URBANopt, â¦",https://www.sciencedirect.com/science/article/pii/S0196890420305963,,0,"fifth generation, district energy"
119,A review of data centers as prosumers in district energy systems: Renewable energy integration and waste heat reuse for district heating,164,2020,â¦ energy consumer and producer to the district energy metabolism. Considering data centers as energy producers in the district energy â¦ their capability of providing energy (eg domestic â¦,https://www.sciencedirect.com/science/article/pii/S0306261919317969,,0,"5th generation, district energy"
120,"Modelling, assessment and Sankey diagrams of integrated electricity-heat-gas networks in multi-vector district energy systems",279,2016,â¦ An original integrated multi-vector tool specifically developed for district energy system analysis has been introduced in this paper. Such a model can be used for operational â¦,https://www.sciencedirect.com/science/article/pii/S0306261915010259,,0,"5th generation, district energy"
121,"Design and multi-criteria optimisation of a trigeneration district energy system based on gas turbine, Kalina, and ejector cycles: Exergoeconomic andÂ â¦",59,2021,"â¦ district energy systems (TDESs) with GTC mover. Furthermore, most of the researches in the field have considered simplifying assumption which causes the results to be far from the â¦",https://www.sciencedirect.com/science/article/pii/S0196890420311109,,0,"5th generation, district energy"
122,"Heating, cooling, and electrical load forecasting for a large-scale district energy system",222,2014,"â¦ While producing electricity, heat, and cooling on a district level has many advantages, it also requires intelligent operation. Because energy demand fluctuates, district energy systems â¦",https://www.sciencedirect.com/science/article/pii/S036054421400886X,,0,"5th generation, district energy"
123,Economic and environmental optimization for distributed energy resource systems coupled with district energy networks,125,2016,"â¦ This study aims to optimize DER (distributed energy resource) system with respect to â¦ district energy (power, heating, and cooling) networks were selected from several potential energy â¦",https://www.sciencedirect.com/science/article/pii/S0360544216305783,,0,"5th generation, district energy"
124,Openideas-an open framework for integrated district energy simulations,130,2015,â¦ The design of a (building and) district energy â¦ district energy design problem requires the introduction of a multi-objective and -commodity framework. Given the nature of building energy â¦,https://www.researchgate.net/profile/Ruben-Baetens/publication/281974322_OpenIDEAS_-_An_Open_Framework_for_Integrated_District_Energy_Simulations/links/560265d408ae42bbd541fd09/OpenIDEAS-An-Open-Framework-for-integrated-District-Energy-Simulations.pdf,http://scholar.google.com/https://www.researchgate.net/profile/Ruben-Baetens/publication/281974322_OpenIDEAS_-_An_Open_Framework_for_Integrated_District_Energy_Simulations/links/560265d408ae42bbd541fd09/OpenIDEAS-An-Open-Framework-for-integrated-District-Energy-Simulations.pdf,0,"5th generation, district energy"
125,Combining life cycle costing and life cycle assessment for an analysis of a new residential district energy system design,240,2013,â¦ The focus of the study is on the life cycle design of a district energy system for a new residential development in Finland. This study analyses LCC (life cycle costs) and carbon emissions â¦,https://www.sciencedirect.com/science/article/pii/S0360544213008797,,0,"5th generation, district energy"
126,Modelling uncertainty in district energy simulations by stochastic residential occupant behaviour,135,2016,"â¦ energy simulations, the interest grows in district energy â¦ the uncertainty in district energy simulations regarding occupant â¦ â) for for district energy simulations integrating the modelling of â¦",https://www.tandfonline.com/doi/abs/10.1080/19401493.2015.1070203,,0,"5th generation, district energy"
127,Review of district heating and cooling systems for a sustainable future,355,2017,"â¦ District energy systems have been around since the 14th century [1]. Since its inception district energy systems have utilized various energy sources including geothermal, fossil fuel, â¦",https://www.sciencedirect.com/science/article/pii/S1364032116305585,,0,"5th generation, district energy"
128,Optimization approaches in district heating and cooling thermal network,180,2017,"â¦ Interaction of smart thermal grid and smart electrical grid is a new concept proposed for 4th generation district energy system. Economic, environmental, and efficiency optimization â¦",https://www.sciencedirect.com/science/article/pii/S0378778816312245,,0,"5th generation, district energy"
129,Multi-objective optimization and simulation model for the design of distributed energy systems,168,2016,â¦ These allow determining optimal district energy systems from both environmental and economic perspectives. A multi-objective optimization model without any of the discussed â¦,https://www.sciencedirect.com/science/article/pii/S0306261916303646,,0,"5th generation, district energy"
130,Flexible distributed multienergy generation system expansion planning under uncertainty,190,2015,"â¦ general DMG system for district energy system applications coupling boiler, CHP, EHP, and TES technologies. A novel generalized approach to map the energy flows of different system â¦",https://ieeexplore.ieee.org/abstract/document/7064771/,,0,"5th generation, district energy"
131,A review of modelling approaches and tools for the simulation of district-scale energy systems,522,2015,"â¦ are available for assessing district energy systems. The models are divided into the following sections: district energy systems (including heat networks, multi-energy systems and low-â¦",https://www.sciencedirect.com/science/article/pii/S1364032115007704,,0,"5th generation, district energy"
132,Design and connection optimization of a district cooling network: Mixed integer programming and heuristic approach,10,2022,â¦ district cooling is a valid alternative to conventional cooling technologies. Among the issues related to district cooling â¦ 1 shows the scheme of a bi-directional graph and gives a summary â¦,https://www.sciencedirect.com/science/article/pii/S0306261921012939,,0,"bi-directional, district cooling"
133,Integrated system model of district cooling for energy consumption optimization,3,2020,â¦ They developed a district cooling network model in Modelica â¦ [8] showed how a transient model of water-cooled centrifugal â¦ both languages and provide bidirectional mapping between â¦,https://scholarworks.iupui.edu/handle/1805/28049,,0,"bi-directional, district cooling"
134,Frequency Regulation Support from District Cooling System and V2G Facility in Cluster of Buildings,0,2023,â¦ It is also assumed that the converter connected to the charging station is a bi-directional converter. The supporting vehicle for the V2G has an instantaneous SOC between 50-90 %. â¦,https://ieeexplore.ieee.org/abstract/document/10171099/,,0,"bi-directional, district cooling"
135,"Thermal, exergy and economic analysis of a cascaded packed-bed tank with multiple phase change materials for district cooling system",1,2023,"â¦ The experimental EPCM system in this study comprises a cylindrical tank filled with water and PCM spheres, operating in a bi-directional flow configuration for both charging and â¦",https://www.sciencedirect.com/science/article/pii/S0360544223001408,,0,"bi-directional, district cooling"
136,Integrated System Architecture Development and Analysis Framework Applied to a District Cooling System,1,2020,"â¦ For instance, the author creates the physical-interaction modeling method based on bi-directional information flow between components and modeled using physical conservational â¦",https://scholarworks.iupui.edu/handle/1805/24784,,0,"bi-directional, district cooling"
137,Experimental analysis of heat prosumers under low temperature thermal network,0,2021,â¦ district cooling and heating system was retrofitted to form a small-scale heat network with three thermal energy prosumers. The existing small-scale centralized district cooling and â¦,https://iopscience.iop.org/article/10.1088/1742-6596/2042/1/012102/meta,,0,"bi-directional, district cooling"
138,Advanced exergy investigation of a combined cooling and power system with low-temperature geothermal heat as a prime mover for district cooling applications,17,2022,â¦ an ammonia-water combined power and cooling cycle integrated with a low-temperature geothermal heat resource for district cooling applications. The energy and exergy calculation of â¦,https://www.sciencedirect.com/science/article/pii/S2213138821008821,,0,"low temperature, district cooling"
139,Analysis of operational data from a district cooling system and its connected buildings,19,2020,â¦ temperatures in the buildings. Potential solutions to resolve the low delta-T include adjusting the supply temperature â¦ economic incentives for the district cooling customers and ensuring â¦,https://www.sciencedirect.com/science/article/pii/S0360544220309518,,0,"low temperature, district cooling"
140,Multi-objective optimization of district cooling systems considering cooling load characteristics,2,2023,â¦ configuration and the operation strategies under various cooling scenarios. The proposed method is applied to design and optimize a district cooling system with ice thermal storage. â¦,https://www.sciencedirect.com/science/article/pii/S0196890423001693,,0,"low temperature, district cooling"
141,Performance of the variable-temperature multi-cold source district cooling system: A case study,2,2022,â¦ outdoor temperature. This study proposed a novel operating strategy for variable-temperature cooling. An existing multi-cold source DCS operating at a constant temperature in an area â¦,https://www.sciencedirect.com/science/article/pii/S1359431122006664,,0,"low temperature, district cooling"
142,A performance assessment method for district cooling substations based on operational data,2,2022,"â¦ further diagnosis of district cooling substations, knowledge â¦ the performance of individual district cooling substations was â¦ 26 substations in a district cooling system by developing an â¦",https://www.tandfonline.com/doi/abs/10.1080/23744731.2022.2129272,,0,"low temperature, district cooling"
143,Optimization models for a single-plant District Cooling System,59,2015,â¦ One example of such systems is the so-called District Cooling System (DCS). The main function of a DCS is to mass-produce cooling requirements for a group of buildings while â¦,https://www.sciencedirect.com/science/article/pii/S0377221715004956,,0,"low temperature, district cooling"
144,Strategical district cooling system operation with accurate spatiotemporal consumption modeling,8,2021,"â¦ As a large integrated energy system, district cooling system (DCS) is widely proposed for its favorable comprehensive performance. However, due to the high complexity of DCS â¦",https://www.sciencedirect.com/science/article/pii/S0378778821004497,,0,"low temperature, district cooling"
145,Review on modeling of vapor compression chillers: District cooling perspective,12,2020,â¦ reduced by implementing district cooling strategies that supply low temperature water to a â¦ of vapor compression chillers used widely in district cooling plants have been a subject of â¦,https://www.worldscientific.com/doi/abs/10.1142/S2010132520300037,,0,"low temperature, district cooling"
146,Development of a novel grid-free district cooling system considering blockchain-based demand response management,1,2023,"â¦ District cooling system (DCS) enjoys improved cooling efficiency due to economies of scale cooling. However, most DCSs import electricity from the power grid, intensifying the â¦",https://www.sciencedirect.com/science/article/pii/S0306261923005160,,0,"low temperature, district cooling"
147,Potential of district cooling in hot and humid climates,61,2017,"â¦ % lower primary energy demand, 38.4% lower total socio-economic costs and 41.5% lower â¦ , although significant investment in the district cooling grid was included in the calculations. â¦",https://www.sciencedirect.com/science/article/pii/S0306261917313351,,0,"low temperature, district cooling"
148,"Utilization of excess production of waste-fired CHP plants for district cooling supply, an effective solution for a serious challenge",13,2020,"â¦ district cooling network. However, in this work, the aim is to develop a smaller district cooling â¦ Once the viability of the proposed solution is approved, a more extensive district cooling â¦",https://www.mdpi.com/1996-1073/13/13/3319,,0,"low temperature, district cooling"
149,Performance assessment of district cooling systems for a new development district at planning stage,57,2015,"â¦ This study aims to quantitatively assess the performance of the district cooling system in â¦ cooling systems of the new district based on the current plan, the performance of district cooling â¦",https://www.sciencedirect.com/science/article/pii/S0306261914011635,,0,"low temperature, district cooling"
150,Data-driven prediction of energy consumption of district cooling systems (DCS) based on the weather forecast data,2,2023,"â¦ the temperature and flow rate of the chilled water can be determined. In addition, since both the cooling load of the DCS and the heat load of the district â¦ for other district cooling systems/â¦",https://www.sciencedirect.com/science/article/pii/S2210670722006874,,0,"low temperature, district cooling"
151,Feasibility of ice-slurry application to the district cooling system in Korea,8,2014,â¦ district cooling system (DCS) is a massive cooling energy production scheme in which a cooling â¦ emissions and wastes from a remote district cooling plant site are more easily managed â¦,https://www.worldscientific.com/doi/abs/10.1142/S2010132514500187,,0,"low temperature, district cooling"
152,Fifth-generation district heating and cooling systems: A review of recent advancements and implementation barriers,13,2023,"â¦ A similar evolution can be observed for district cooling, with the first generation being â¦ Subsequent generations of district cooling systems used large chillers and cold water as â¦",https://www.sciencedirect.com/science/article/pii/S1364032122008784,,0,"fifth generation, district cooling"
153,Bibliographic analysis of the recent advancements in modeling and co-simulating the fifth-generation district heating and cooling systems,43,2020,"â¦ Based on this literature review, integrated co-simulation of the fifth generation district heating and cooling systems including district and building levels is necessary in order to recognize â¦",https://www.sciencedirect.com/science/article/pii/S0378778820305004,,0,"fifth generation, district cooling"
154,The future role of energy geostructures in fifth generation district heating and cooling networks,24,2022,â¦ A novel concept of integration of energy geostructures into the fifth generation district heating and cooling networks has been introduced in this paper. Energy geostructures bring many â¦,https://www.sciencedirect.com/science/article/pii/S0360544221027304,,0,"fifth generation, district cooling"
155,Model predictive control of smart districts with fifth generation heating and cooling networks,11,2021,"â¦ Furthermore, 4GDH networks cannot serve cooling demands, they must instead be integrated with separate, similarly defined, fourth generation district cooling (4GDC) networks [4]. â¦",https://ieeexplore.ieee.org/abstract/document/9437972/,,0,"fifth generation, district cooling"
156,Modelling a fifth-generation bidirectional low temperature district heating and cooling (5GDHC) network for nearly Zero Energy District (nZED),25,2021,â¦ The need to develop energy-efficient and low-carbon economies lies at the heart of fifth-generation district heating and cooling (5GDHC) networks. The potential of these networks is â¦,https://www.sciencedirect.com/science/article/pii/S2352484721002729,,0,"fifth generation, district cooling"
157,Investigation on Individual and Collective PV Self-Consumption for a Fifth Generation District Heating Network,12,2022,â¦ heating and cooling of buildings. â¦ fifth generation district heating and cooling networks are able to increase the share of renewable heating and cooling in both new low-energy districts â¦,https://www.mdpi.com/1996-1073/15/3/1022,,0,"fifth generation, district cooling"
158,The four generations of district cooling-A categorization of the development in district cooling from origin to future prospect,26,2022,â¦ The fully developed fourth-generation district heating includes the cross-sectoral integration â¦ generations of district cooling to make a similar useful framework for district cooling. The first â¦,https://www.sciencedirect.com/science/article/pii/S0360544222010015,,0,"fifth generation, district cooling"
159,Fifth generation district energy systems for low carbon cities,5,2019,"â¦ The first generation district cooling systems, introduced in the end of the 19th century, used â¦ The equivalent district cooling system has been suggested as a third generation system, â¦",https://infoscience.epfl.ch/record/272726,,0,"fifth generation, district cooling"
160,Modeling and Dynamic Simulation of a Phase-Change Material Tank for Powering Chiller Generators in District Cooling Networks,0,2023,"â¦ Recently, the latest generation of DC (fifth generation 5GDC) â¦ PCM tank connected to a district cooling substation. The latter is â¦ water to meet the cooling demand at the district level. The â¦",https://www.mdpi.com/2071-1050/15/13/10332,,0,"fifth generation, district cooling"
161,"Energy Benefits of Heat Pipe Technology for Achieving 100% Renewable Heating and Cooling for Fifth-Generation, Low-Temperature District Heating Systems",10,2021,This paper addresses the challenges the policymakers face concerning the EU decarbonization and total electrification roadmaps towards the Paris Agreement set forth to solve the â¦,https://www.mdpi.com/1996-1073/14/17/5398,,0,"fifth generation, district cooling"
162,"Fifth-generation thermal grids and heat pumps: A pilot project in Leuven, Belgium",10,2017,â¦ that the cooling demand will increase with respect to the heating demand? In this article we present an energy cocktail of a low temperature thermal grid of the fifth generation combined â¦,https://www.rehvam2018atic.eu/images/workshops/8/Dedecker_5thgenerationgrid.pdf,http://scholar.google.com/https://www.rehvam2018atic.eu/images/workshops/8/Dedecker_5thgenerationgrid.pdf,0,"fifth generation, district cooling"
163,District heating and cooling systemsâFramework for Modelica-based simulation and dynamic optimization,148,2017,"â¦ district heating systems (so called 4th Generation District â¦ of (de)centralized renewable energy sources and storage, low â¦ of innovative district energy systems, including district heating â¦",https://www.sciencedirect.com/science/article/pii/S0360544217308691,,0,"4th generation, district energy"
164,Fault detection and operation optimization in district heating substations based on data mining techniques,111,2017,"â¦ The present generation of district heating (DH) technologies will have to be further developed into the 4th generation to fulfil the important role in future smart energy systems. At present, â¦",https://www.sciencedirect.com/science/article/pii/S0306261917310401,,0,"4th generation, district heating"
165,Review on the integration of high-temperature heat pumps in district heating and cooling networks,35,2022,"â¦ When considering a case where a central heat pump and CHP â¦ in the fourth and fifth-generation district heating networks, the â¦ Finally, for individual HPs in the district heating and cooling â¦",https://www.sciencedirect.com/science/article/pii/S036054422102627X,,0,"fifth generation, district heating"
166,Role of sustainable heat sources in transition towards fourth generation district heatingâA review,35,2022,â¦ Fourth generation district heating systems continue the trend â¦ They are designed to meet the space heating and DHW â¦ heat sources has led to the concept of fifth generation district â¦,https://www.sciencedirect.com/science/article/pii/S1364032122000843,,0,"fifth generation, district heating"
167,A solar-driven 5th generation district heating and cooling network with ground-source heat pumps: a thermo-economic analysis,33,2022,â¦ 1 presents the layout of the 5 th generation district heating cooling network developed in â¦ the space heating/cooling and domestic hot water demand of the selected residential district. As â¦,https://www.sciencedirect.com/science/article/pii/S2210670721007113,,0,"fifth generation, district heating"
168,A new modeling approach for low-carbon district energy system planning,9,2021,"â¦ Dotzauer [17] developed a simple model for predicting heat demand in a district energy system, based on the outdoor air temperature and the behavior pattern of consumers. In 2015, â¦",https://www.mdpi.com/1996-1073/14/5/1383,,0,"low temperature, district energy"
169,nPro: A web-based planning tool for designing district energy systems and thermal networks,3,2023,â¦ to simulate and optimize district energy systems in the â¦ district energy systems is presented which focuses on district heating and cooling networks and is available at www.npro.energy. â¦,https://www.sciencedirect.com/science/article/pii/S0360544222034624,,0,"low temperature, district energy"
170,Key energy and technological aspects of three innovative concepts of district energy networks,16,2016,â¦ and temperature level required. Three concepts of district energy networks that could provide the energy â¦ The focus is on the energy and technological aspects. These networks are â¦,https://www.sciencedirect.com/science/article/pii/S036054421630682X,,0,"low temperature, district energy"
171,An exergy-based minimum carbon footprint model for optimum equipment oversizing and temperature peaking in low-temperature district heating systems,18,2021,"â¦ Also, lower the supply and return temperatures, less district â¦ expansion of low-temperature district energy systems and â¦ District cooling is also possible by low-exergy cold sources like â¦",https://www.sciencedirect.com/science/article/pii/S0360544221015875,,0,"low temperature, district energy"
172,Thermal energy storage to minimize cost and improve efficiency of a polygeneration district energy system in a real-time electricity market,89,2016,"â¦ This district energy system located at the University of Texas at Austin and detailed in this study contains all the elements discussed above: CHP, district heating, district cooling, and TESâ¦",https://www.sciencedirect.com/science/article/pii/S0360544216309252,,0,"low temperature, district energy"
173,Energy storage for district energy systems,20,2016,â¦ (seasonal) storage used in large scale district energy systems The main focus of this chapter is on short-term storage used in larger scale district energy systems. The emphasis is on â¦,https://www.sciencedirect.com/science/article/pii/B9781782423744000070,,0,"low temperature, district energy"
174,Exergy and exergoeconomic analysis of a Compressed Air Energy Storage combined with a district energy system,108,2014,â¦ Due to the low temperature this stream was not suitable for energy storage. All calculations have been performed at constant +15 C (288 K) ambient temperature and 101.3 kPa pressureâ¦,https://www.sciencedirect.com/science/article/pii/S0196890413006493,,0,"low temperature, district energy"
175,"Optimal operation of a multi-generation district energy hub based on electrical, heating, and cooling demands and hydrogen production",22,2022,â¦ -exergy analyses of a novel TGES for district energy systems. They also presented the â¦ which was containing two low-temperature and high-temperature PEM fuel cells integrated with a â¦,https://www.sciencedirect.com/science/article/pii/S0306261921016780,,0,"low temperature, district energy"
176,Estimating cooling demand flexibility in a district energy system using temperature set point changes from selected buildings,1,2023,â¦ in all buildings in a district energy system. â¦ the district energy system using observed structural and operational characteristics of all buildings in the system. We focus on a district energy â¦,https://www.sciencedirect.com/science/article/pii/S0306261923001800,,0,"low temperature, district energy"
177,How are business models capturing flexibility in the District Energy (DE) grid?,2,2021,â¦ Flexibility in the energy system has been studied previously but few results have been implemented in district energy (DE) pricing models. This means that pricing models are not â¦,https://www.sciencedirect.com/science/article/pii/S2352484721007484,,0,"low temperature, district energy"
178,Optimal heat storage in district energy plants with heat pumps and electrolysers,0,2023,â¦ District energy (DE) plants are transitioning away from being providers of heat and electricity through the cogeneration of heat and power (CHP) to being heat providers consuming â¦,https://www.sciencedirect.com/science/article/pii/S0360544223008174,,0,"low temperature, district energy"
179,Large heat pumps in Swedish district heating systems,205,2017,"â¦ The work presented in this paper is a result of the research activities performed within the Strategic Research Centre for the fourth generation of district heating (4DH), which has â¦",https://www.sciencedirect.com/science/article/pii/S1364032117307839,,0,"4th generation, district heat pump"
180,Mapping of potential heat sources for heat pumps for district heating in Denmark,148,2016,"â¦ The higher supply temperature needed from the heat pump, the lower efficiency. Therefore, â¦ using low-temperature heat sources via heat pumps. 4th generation district heating (4DH) is â¦",https://www.sciencedirect.com/science/article/pii/S0360544215017727,,0,"4th generation, district heat pump"
181,Heat roadmap Europe: large-scale electric heat pumps in district heating systems,235,2017,"â¦ heat pumps in Sweden have been gathered from a national heat pump survey on large-scale electric heat pumps â¦ Known as the fourth generation of refrigerants, the HFOs are similar to â¦",https://www.mdpi.com/1996-1073/10/4/578,,0,"4th generation, district heat pump"
182,"Heat pump placement, connection and operational modes in European district heating",168,2018,"â¦ heat pumps into district heating, in terms of heat pump placement, connection and operational modes based on available heat sources and heat â¦ into 4th generation district heating. With â¦",https://www.sciencedirect.com/science/article/pii/S0378778817338410,,0,"4th generation, district heat pump"
183,Booster heat pumps and central heat pumps in district heating,205,2016,â¦ simulation of district heating systems based on heat pumps. â¦ Booster heat pumps enable lower district heating temperature â¦ and a steadily improving heat pump (HP) performance for â¦,https://www.sciencedirect.com/science/article/pii/S0306261916303105,,0,"4th generation, district heat pump"
184,CHP and heat pumps to balance renewable power production: Lessons from the district heating network in Stockholm,156,2017,"â¦ District heating does not equal district heating though. The systems vary in sizeâ¦ [4], divided these systems into different generations where the newest âfourth generation of district heating â¦",https://www.sciencedirect.com/science/article/pii/S036054421730124X,,0,"4th generation, district heat pump"
185,Allocation of investment costs for large-scale heat pumps supplying district heating,58,2018,"â¦ supply, improving the current DH networks, converting DH to the 4th generation of low-temperature DH and/or by exploiting synergies between thermal networks and electrical grids [7ââ¦",https://www.sciencedirect.com/science/article/pii/S1876610218302613,,0,"4th generation, district heat pump"
186,Prosumers in district heating networksâA Swedish case study,204,2016,"â¦ heat losses is another element of fourth generation DH, to â¦ Smaller heat losses are also important for district heating to be â¦ DHW heating and the cases with heat pump temperature raise â¦",https://www.sciencedirect.com/science/article/pii/S0306261915015937,,0,"4th generation, district heat pump"
187,Integration of large-scale heat pumps in the district heating systems of Greater Copenhagen,154,2016,"â¦ district heating system. The aim of this study is to determine if, and to what extent, heat pumps can be implemented in the district heating system of the Greater Copenhagen area. This is â¦",https://www.sciencedirect.com/science/article/pii/S0360544216304352,,0,"4th generation, district heat pump"
188,Heat Roadmap Europe: Combining district heating with heat savings to decarbonise the EU energy system,863,2014,"â¦ district heating, but instead they focus on the electrification of the heating sector (primarily using heat pumpsâ¦ Research Centre for 4th Generation District Heating Technologies and â¦",https://www.sciencedirect.com/science/article/pii/S0301421513010574,,0,"4th generation, district heat pump"
189,Smart district heating networksâA simulation study of prosumers' impact on technical parameters in distribution networks,154,2014,â¦ local solar collectors and heat pumps on district heating distribution networks is investigated. Customers that in this way can both produce and consume district heating are in this paper â¦,https://www.sciencedirect.com/science/article/pii/S0306261914004425,,0,"4th generation, district heat pump"
190,Energy & economic assessment of faÃ§ade-integrated solar thermal systems combined with ultra-low temperature district-heating,21,2020,"â¦ This paper conducts an energy and economic assessment of District Heating (â¦ Temperature District Heating (LTDH) system is studied, with special focus on unglazed collectors. ST heat â¦",https://www.sciencedirect.com/science/article/pii/S0960148120309137,,0,"ultra-low temperature, district energy"
191,Integration of Renewable Energy Sources into Low-Temperature District Heating Systems: A Review,6,2022,"â¦ The yearly space heating contribution in ultra-low energy buildings may range between 10 and 60%, depending on the size of the SCS used. Table 4 provides a summary of the primary â¦",https://www.mdpi.com/1996-1073/15/18/6523,,0,"ultra-low temperature, district energy"
192,Systematic optimization for the utilization of low-temperature industrial excess heat for district heating,23,2018,"â¦ -source station or each substation is efficient and easy to design, and this scheme is commonly used in existing heat pump systems with low-temperature heat sources. However, when â¦",https://www.sciencedirect.com/science/article/pii/S0360544217320819,,0,"low temperature, district heat pump"
193,Seasonal thermal energy storage with heat pumps and low temperatures in building projectsâA comparative review,247,2015,"â¦ This can be reduced by low-temperature storage but a heat pump is â¦ The temperature range as well as its application is shown in â¦ In low temperature storage a heat pump is needed, as â¦",https://www.sciencedirect.com/science/article/pii/S1364032114010545,,0,"low temperature, district heat pump"
194,Techno-economic analysis of air source heat pump applied for space heating in northern China,211,2017,â¦ and economical applicability of low temperature air source heat pump heating mode were â¦ source heat pump compared in this study was low temperature air source heat pump based â¦,https://www.sciencedirect.com/science/article/pii/S0306261917308310,,0,"low temperature, district heat pump"
195,Solar assisted heat pump systems for low temperature water heating applications: A systematic review,266,2016,"â¦ In the current study, a number of past and current works on solar assisted heat pump (SAHP) systems for low temperature water heating applications has been presented. Also, various â¦",https://www.sciencedirect.com/science/article/pii/S1364032115012368,,0,"low temperature, district heat pump"
196,Perspectives for low-temperature waste heat recovery,197,2019,"â¦ heat recovery and supply can save the investment, installation area and operation costs, thereby making the waste heat â¦ high temperature heat pump can better couple the waste heat â¦",https://www.sciencedirect.com/science/article/pii/S0360544219306140,,0,"low temperature, district heat pump"
197,District energy in cities,44,2015,"International Conference on Smart Energy Systems and 4th Generation District Heating â¦ 4th Generation District Heating, Aalborg, 27-28 September 2016 Heating, hot water and cooling â¦",https://smartenergysystems.eu/wp-content/uploads/2019/04/Plenary_4_Lily_Riahi.pdf,http://scholar.google.com/https://smartenergysystems.eu/wp-content/uploads/2019/04/Plenary_4_Lily_Riahi.pdf,0,"4th generation, district cooling"
198,System dynamics model analysis of pathway to 4th generation district heating in Latvia,61,2016,"â¦ In the article, a possibility to introduce the 4th generation district heating (4GDH) in Latvia is analyzed with the system dynamic modeling. Three policy instruments were included into the â¦",https://www.sciencedirect.com/science/article/pii/S0360544215016369,,0,"4th generation, district cooling"
199,A key review of wastewater source heat pump (WWSHP) systems,231,2014,"â¦ Heat pumps (HPs) are part of the environmentally friendly technologies using renewable â¦ heat source for HPs. At the beginning of the 1980s, waste (sewage) water source heat pumps (â¦",https://www.sciencedirect.com/science/article/pii/S0196890414007900,,0,"fifth generation, district heat pump"
200,Economic valuation of heat pumps and electric boilers in the Danish energy system,190,2016,"â¦ In this paper, the economic value of heat pumps and electric boilers is assessed by simulating their day-to-day market performance using a novel operational strategy based on two-â¦",https://www.sciencedirect.com/science/article/pii/S030626191501051X,,0,"fifth generation, district heat pump"
201,An optimisation framework for thermal energy storage integration in a residential heat pump heating system,156,2017,â¦ heating system is essential and an option to achieve this is by heating system electrification through heat pumps (HP) installation in combination with renewable power generation. A â¦,https://www.sciencedirect.com/science/article/pii/S0306261916302045,,0,"fifth generation, district heat pump"
202,Geothermal heat pump systems: Status review and comparison with other heating options,686,2013,"â¦ Geothermal heat pumps are reviewed, including heat pump â¦ Geothermal heat pump technology and conventional heating â¦ Geothermal heat pump use is economically advantageous â¦",https://www.sciencedirect.com/science/article/pii/S0306261912000542,,0,"fifth generation, district heat pump"
203,Heat pumps and our low-carbon future: A comprehensive review,152,2021,"â¦ and produce low cost heat supply [82], [83]. Large-scale heat pumps within a district heating system also â¦ In Nordic district heating systems, HPs comprise a large share of the power-toââ¦",https://www.sciencedirect.com/science/article/pii/S221462962030339X,,0,"fifth generation, district heat pump"
204,Explainable heat demand forecasting for the novel control strategies of district heating systems,8,2022,"â¦ local forecasting (RMSE=46 kW), but very similar testing results were achieved by using bi-directional and stacked LSTM models (RMSE=49 kW). In cases of all three model variants, â¦",https://www.sciencedirect.com/science/article/pii/S1367578822000153,,0,"bi-directional, district heating"
205,An evaluation of distributed solar thermal ânet meteringâ in small-scale district heating systems,31,2015,"â¦ District Heating Systems (DHS), that not only can consume but also produce district heating â¦ thermal system feeding a local heat storage, connected to the DHS by a single bi-directional â¦",https://www.sciencedirect.com/science/article/pii/S1876610215020676,,0,"bi-directional, district heating"
206,Load management in district heating operation,41,2015,â¦ The paper presents an approach to control DH load through a bi-directional data communication between system layer and entity layer in the MA structure. Future work will focus on â¦,https://www.sciencedirect.com/science/article/pii/S1876610215009236,,0,"bi-directional, district heating"
207,A study of district heating systems with solar thermal based prosumers,27,2018,"â¦ How to effectively control and operate such a substation with bi-directional pumping is still under substantial research effort for future large scale applications. Unfortunately, not so much â¦",https://www.sciencedirect.com/science/article/pii/S1876610218304739,,0,"bi-directional, district heating"
208,Feasibility study on the low temperature district heating and cooling system with bi-lateral heat trades model,28,2018,"â¦ In that sense, it might not be adequate to believe that it can also reflect new features or characteristics of bi-directional heat trades model successfully. For example, the injection of a hot â¦",https://www.sciencedirect.com/science/article/pii/S0360544218307072,,0,"bi-directional, district heating"
209,Unit commitment of integrated electricity and heat system with bi-directional variable mass flow,2,2020,â¦ problem of IEHS is built in this paper with district heating system operated under VF-VT control strategy and considering the situation of bidirectional mass flow rate. In order to improve â¦,https://ieeexplore.ieee.org/abstract/document/9281429/,,0,"bi-directional, district heating"
210,Vocabulary for the fourth generation of district heating and cooling,27,2021,â¦ newly developed heating and cooling network configurations. â¦ fourth generation at this stage of development to efficiently and effectively deploy and expand district heating and cooling â¦,https://www.sciencedirect.com/science/article/pii/S2666955221000034,,0,"fourth generation, district cooling"
211,Evaluation of the industrial waste heat potential for its recovery and integration into a fourth generation district heating system,36,2018,â¦ of buildings all lead to the necessity and opportunities to also optimize district heating systems [1]. The concept of fourth generation district heating (4GDH) among other principles â¦,https://www.sciencedirect.com/science/article/pii/S1876610218302558,,0,"fourth generation, district cooling"
212,"Time-dependent climate impact of biomass use in a fourth generation district heating system, including BECCS",24,2020,"â¦ fourth generation district heating system. The climate impact of combusting forest residues (tops and branches) was compared with combusting municipal solid waste (MSW), waste â¦",https://www.sciencedirect.com/science/article/pii/S0961953420301409,,0,"fourth generation, district cooling"
213,Hybrid solar and heat-driven district cooling system: Optimal integration and control strategy,26,2019,â¦ (1)â(36) were solved using General Algebraic Modelling System (GAMS) software which is a high level modeling system and is very similar to fourth generation programming systems. It â¦,https://www.sciencedirect.com/science/article/pii/S0038092X19302609,,0,"fourth generation, district cooling"
214,Business model changes in district heating: The impact of the technology shift from the third to the fourth generation,23,2019,"â¦ Since 2017, there is a district cooling network on site, supplied by absorption cooling (1 MWth). In addition to the heat and power station a data center will serve as a heat source: the â¦",https://www.mdpi.com/1996-1073/12/9/1778,,0,"fourth generation, district cooling"
215,Transformation of an existing into a Fourth Generation Heating Network,8,2018,"â¦ In the following subsections the general concept of fourth generation district heating is shortly described. After that from the limitations of renewable energies, the importance of â¦",https://www.sciencedirect.com/science/article/pii/S1876610218305083,,0,"fourth generation, district cooling"
216,Method for assessing heat loss in a district heating network with a focus on the state of insulation and actual demand for useful energy,33,2020,â¦ The goal of this paper was to evaluate heat loss and the demand of district heating (DH) in the context of the fourth generation DH concept using a data-driven approach. The â¦,https://www.mdpi.com/1996-1073/13/17/4505,,0,"fourth generation, district heating"
217,Investigation on sector coupling potentials of a 5th generation district heating and cooling network,26,2021,â¦ generation district heating â¦ heat energy production through large industrial heat pumps and the total thermal capacities of the 5GDHC network can provide flexibilities for power to heat â¦,https://www.sciencedirect.com/science/article/pii/S0360544221010847,,0,"fourth generation, district heating"
218,Temperature optimization in district heating systems,47,2016,â¦ for low temperature district heating and 4GDH for the fourth generation district heating. The â¦ suggested level for network temperatures in the fourth generation of DH. There are several â¦,https://www.sciencedirect.com/science/article/pii/B9781782423744000112,,0,"fourth generation, district heating"
219,A metalâorganic framework for efficient water-based ultra-low-temperature-driven cooling,133,2019,"â¦ -23 is an ideal material to realize ultra-low temperature driven ADC devices. â¦ ultra-low temperature systems require the lowest driving energy, thus extending the range of usable energy â¦",https://www.nature.com/articles/s41467-019-10960-0,,0,"ultra-low temperature, district cooling"
220,Experimental and theoretical study of thermoelectric generator waste heat recovery model for an ultra-low temperature PEM fuel cell powered vehicle,73,2019,"â¦ respectively were obtained via forced convection cooling and normal flow orientation. The â¦ , heat pipe and heat sink on a vehicle would offset the ultra-low waste heat temperature from a â¦",https://www.sciencedirect.com/science/article/pii/S0360544219308850,,0,"ultra-low temperature, district cooling"
221,Tailoring electrolyte solvation for Li metal batteries cycled at ultra-low temperature,272,2021,"â¦ plating dynamics at such temperature extremes are largely â¦ -energy rechargeable LMBs in extreme environments. In this work, we observe that enabling LMBs at ultra-low temperatures â¦",https://www.nature.com/articles/s41560-021-00783-z,,0,"ultra-low temperature, district cooling"
222,Engineering dual singleâatom sites on 2D ultrathin Nâdoped carbon nanosheets attaining ultraâlowâtemperature zincâair battery,246,2022,"â¦ to operate efficiently at ultra-low temperature of â40 C, delivering 30 mW cm â2 peak power density and retaining up to 86 % specific capacity from the room temperature counterpart. â¦",https://onlinelibrary.wiley.com/doi/abs/10.1002/anie.202115219,,0,"ultra-low temperature, district cooling"
223,Effects of microstructure on crack resistance and low-temperature toughness of ultra-low carbon high strength steel,57,2019,"â¦ leads to the decrease in the ductile-brittle transition temperature (DBTT). In this work, ultra-low carbon high strength steels with various microstructures were manufactured through â¦",https://www.sciencedirect.com/science/article/pii/S0749641918306521,,0,"ultra-low temperature, district cooling"
224,Cryoprotectants: A review of the actions and applications of cryoprotective solutes that modulate cell recovery from ultra-low temperatures,384,2017,â¦ We have used the term âultra-lowâ to encompass all these temperature ranges where â¦ the challenges that are imposed by cooling to ultra-low temperatures â ie the process of freezing. â¦,https://www.sciencedirect.com/science/article/pii/S0011224017301463,,0,"ultra-low temperature, district cooling"
225,High energy density hybrid Mg 2+/Li+ battery with superior ultra-low temperature performance,60,2016,â¦ to afford appropriate power capability and energy density at ultra-low temperatures (eg â40 C). â¦ lower temperature. The search for energy storage devices with fair ultra-low temperature â¦,https://pubs.rsc.org/en/content/articlehtml/2016/ta/c5ta09591c,,0,"ultra-low temperature, district cooling"
226,Liquid-metal electrode to enable ultra-low temperature sodiumâbeta alumina batteries for renewable energy storage,151,2014,"â¦ Once the NaâCs alloy was wetting the BASE surface at higher temperatures, the wetting behaviour would be maintained even after the sample was cooled down to room temperature, â¦",https://www.nature.com/articles/ncomms5578,,0,"ultra-low temperature, district cooling"
227,Non-plasmonic nanoantennas for surface enhanced spectroscopies with ultra-low heat conversion,486,2015,"â¦ Via the realization of a novel nanophotonic platform based on dielectric nanostructures to form efficient nanoantennas with ultra-low light-into-heat conversion, here we demonstrate an â¦",https://www.nature.com/articles/ncomms8915,,0,"ultra-low temperature, district cooling"
228,An all-fluorinated ester electrolyte for stable high-voltage Li metal batteries capable of ultra-low-temperature operation,175,2020,â¦ voltage batteries capable of ultra-low-temperature operation. â¦ an electrolyte for ultra-low-temperature batteries requires the â¦ a high ionic conductivity at low temperatures. As observed in â¦,https://pubs.acs.org/doi/abs/10.1021/acsenergylett.0c00643,,0,"ultra-low temperature, district cooling"
